,step,loss,acc
0,860.0,0.09113738605464763,0.9714000225067139
1,1720.0,0.07082846798929092,0.9811999797821045
2,2580.0,0.05816721060816159,0.982699990272522
