,loss,acc
0,2.3030398612929512,0.109375
