,step,mnist-acc,mnistm-acc,domain-acc
0,20.0,0.0973328025477707,0.09653662420382166,0.5
1,40.0,0.1409235668789809,0.10997213375796179,0.5
