,step,loss,acc
0,860.0,0.08338324167934431,0.9729999899864197
1,1720.0,0.06791277827920905,0.9800999760627747
2,2580.0,0.053052638924651806,0.9850999712944031
3,3440.0,0.0446794066258471,0.9865999817848206
4,4300.0,0.04527670230058177,0.9857000112533569
5,5160.0,0.049140288969101505,0.9847000241279602
6,6020.0,0.03580140548767325,0.9886000156402588
7,6880.0,0.03859544348218455,0.987500011920929
8,7740.0,0.03548728988933656,0.9894000291824341
9,8600.0,0.03431364651067051,0.9894000291824341
