,step,loss,acc
0,860.0,0.09782145489931147,0.9692000150680542
1,1720.0,0.08028574731763694,0.9764999747276306
2,2580.0,0.05456666549512689,0.9835000038146973
3,3440.0,0.05583007833111937,0.9825999736785889
4,4300.0,0.04326810831232474,0.9855999946594238
5,5160.0,0.03849044045645571,0.9872999787330627
6,6020.0,0.03949399299739864,0.9876000285148621
7,6880.0,0.035100461705730564,0.9886000156402588
8,7740.0,0.03539859601295559,0.9890999794006348
9,8600.0,0.03581652412627227,0.9896000027656555
